"Store","Address"
"Giant","601 East 33rd St"
"Giant","711 W. 40th St."
"Giant","4624 Edmondson Avenue"
"Giant","5150 Sinclair Lane"
"Giant","6340-50 York Rd."
"Giant","4622 Wilkens Ave."
"Giant","6620 Reisterstown Road"
"Giant","3602 Milford Mill Rd."
"Giant","7944 Honeygo Blvd."
"Giant","7920-30 Belair Road"
"Giant","6223-25 Balt. Nat. Pk."
"Superfresh","1020 W 41st St"
"Superfresh","222 N. Charles Street"
"Shoppers","1200 Eastern Blvd"
"Shoppers","6500 Eastern Ave"
"Shoppers","2000 Gwynns Falls Pkwy"
"Shoppers","1955 East Joppa Rd"
"Shoppers","2801 Smith Ave"
"Shoppers","803 Goucher Blvd"
"Shoppers","5457 Baltimore National Pike"
"Shoppers","857 Fort Ave"
"Shoppers","8212 Liberty Rd"
"Save-A-Lot","250 Mcmechen Street"
"Save-A-Lot","2008 Maryland Ave"
"Save-A-Lot","4001 Erdman Ave"
"Save-A-Lot","1500-1516 Havenwood Rd"
"Save-A-Lot","6836 Reisterstown Rd"
"Eddie's Supermarket","5113 Roland Ave"
"Eddie's Supermarket","6213 N Charles St"
"Royal Star Grocery","1152 E North Ave"
"Bi-rite Supermarket","5950 Belair Rd"
"Eddie's Market","3117 Saint Paul St"
"Whole Foods Market","1340 Smith Ave"
"Whole Foods Market","1001 Fleet St"
"Grauls Market","7713 Bellona Ave"
"Green Supermarket","118 N Greene St"
"Baines Supermarket","5600 The Alameda"
"AA Supermarket","6606 Security Blvd"
"Food King Supermarket","5708 Wabash Ave"
"Weis Market","4126 E Joppa Road"
"Mars","1700 N. Parkway"
"Stop Shop Save","1101 Pennsylvania Avenue"
"Stop Shop Save","2701 West Cold Spring Lane"
"Stop Shop Save","1400 North Monroe Street"
"Stop Shop Save","3427 Clifton Avenue"
"Stop Shop Save","1600 Harford Avenue"
"Stop Shop Save","5600 The Alameda"
"Safeway","2401 N. Charles St."
"Safeway","1205 W Pratt St"
"Safeway","2610 Boston St."
"Lexington Market","400 W Lexington St"
"Cross Street Market","1065 S Charles St"
"Broadway Market","1640- 41 Aliceanna St."
"Northeast Market","2101 E. Monument St."
"Hollins Market","26 S. Arlington Ave."
"Avenue Supermarket","1700 Pennsylvania Ave"
